,Team,Season,Gm,PDO,GF,GA,G+/-,CF%,CP60,OFOn%,OSh%,OSv%,FO%,ZSO%,HSCF%,HSC+/-,HSCF,HSCA,HSCF60,HSCA60,HSCP60,SCF%,SC+/-,SCF,SCA,SCF60,SCA60,SCP60,CF%,C+/-,CF,CA,CF60,CA60,CP60,FF%,F+/-,FF60,FA60,FF,FA,FP60,MSF,MSA,BSF,BSA,SF%,S+/-,SF60,SA60,SF,SA,GF60,GA60,GF%,OSh%,OFenSh%,OSv%,OCOn%,OFOn%,FO%,FO_W,FO_L,ZSO,ZSN,ZSD,HIT,HIT-,PN,PN-,PenD,TOI,PPSuccess,PPSuccess,PKSuccess,PKSuccess,PPSuccess
1,BUF,20152016,28,98.5,66,76,-10,49.3,104.2,75.6,7.9,90.5,49.9,48.9,50.7,9,311,302,11,10.7,21.6,50.6,17,741,724,26.1,25.5,51.7,49.3,-43,1455,1498,51.3,52.9,104.2,49.3,-31,39,40.1,1105,1136,79.1,270,332,350,362,50.9,31,29.5,28.4,835,804,2.3,2.7,46.5,7.9,6,90.5,57.4,75.6,49.9,836,840,545,561,570,689,610,86,101,15,1700.5,17.82178217821782,17.82178217821782,79.06976744186046,79.06976744186046,65.34653465346535
