,Team,Season,Gm,PDO,GF,GA,G+/-,CF%,CP60,OFOn%,OSh%,OSv%,FO%,ZSO%,HSCF%,HSC+/-,HSCF,HSCA,HSCF60,HSCA60,HSCP60,SCF%,SC+/-,SCF,SCA,SCF60,SCA60,SCP60,CF%,C+/-,CF,CA,CF60,CA60,CP60,FF%,F+/-,FF60,FA60,FF,FA,FP60,MSF,MSA,BSF,BSA,SF%,S+/-,SF60,SA60,SF,SA,GF60,GA60,GF%,OSh%,OFenSh%,OSv%,OCOn%,OFOn%,FO%,FO_W,FO_L,ZSO,ZSN,ZSD,HIT,HIT-,PN,PN-,PenD,TOI,PPSuccess,PPSuccess,PKSuccess,PKSuccess,PPSuccess
1,DAL,20152016,29,101.7,101,75,26,52,118,70.8,10.7,90.9,51.1,51.3,51.3,19,376,357,12.8,12.2,25,53.7,133,971,838,33.1,28.6,61.7,52,139,1801,1662,61.4,56.6,118,51.7,89,45.3,42.2,1328,1239,87.5,388,411,473,423,53.2,112,32,28.2,940,828,3.4,2.6,57.4,10.7,7.6,90.9,52.2,70.8,51.1,944,902,647,585,614,492,640,105,111,6,1760.5,18.91891891891892,18.91891891891892,83.80952380952381,83.80952380952381,90.990990990991
