,Team,Season,Gm,PDO,GF,GA,G+/-,CF%,CP60,OFOn%,OSh%,OSv%,FO%,ZSO%,HSCF%,HSC+/-,HSCF,HSCA,HSCF60,HSCA60,HSCP60,SCF%,SC+/-,SCF,SCA,SCF60,SCA60,SCP60,CF%,C+/-,CF,CA,CF60,CA60,CP60,FF%,F+/-,FF60,FA60,FF,FA,FP60,MSF,MSA,BSF,BSA,SF%,S+/-,SF60,SA60,SF,SA,GF60,GA60,GF%,OSh%,OFenSh%,OSv%,OCOn%,OFOn%,FO%,FO_W,FO_L,ZSO,ZSN,ZSD,HIT,HIT-,PN,PN-,PenD,TOI,PPSuccess,PPSuccess,PKSuccess,PKSuccess,PPSuccess
1,L.A,20152016,29,100.3,73,60,13,55.5,110,69.6,7.7,92.6,49,52.8,53,41,360,319,12.2,10.8,23,54.3,140,885,745,29.9,25.2,55.1,55.5,361,1807,1446,61.1,48.9,110,54.8,240,46,37.8,1359,1119,83.8,413,309,448,327,53.9,136,32,27.4,946,810,2.5,2,54.9,7.7,5.4,92.6,52.4,69.6,49,875,909,660,533,591,843,755,127,110,-17,1774,13.636363636363635,13.636363636363635,86.61417322834646,86.61417322834646,66.36363636363637
