,Team,Season,Gm,PDO,GF,GA,G+/-,CF%,CP60,OFOn%,OSh%,OSv%,FO%,ZSO%,HSCF%,HSC+/-,HSCF,HSCA,HSCF60,HSCA60,HSCP60,SCF%,SC+/-,SCF,SCA,SCF60,SCA60,SCP60,CF%,C+/-,CF,CA,CF60,CA60,CP60,FF%,F+/-,FF60,FA60,FF,FA,FP60,MSF,MSA,BSF,BSA,SF%,S+/-,SF60,SA60,SF,SA,GF60,GA60,GF%,OSh%,OFenSh%,OSv%,OCOn%,OFOn%,FO%,FO_W,FO_L,ZSO,ZSN,ZSD,HIT,HIT-,PN,PN-,PenD,TOI,PPSuccess,PPSuccess,PKSuccess,PKSuccess,PPSuccess
1,BUF,20152016,30,98.5,71,81,-10,49.4,104,75.2,7.9,90.5,50.1,49.2,50.9,12,340,328,11.2,10.8,22,50.7,22,803,781,26.4,25.7,52.1,49.4,-38,1562,1600,51.4,52.6,104,49.6,-17,39.1,39.7,1190,1207,78.9,295,350,372,393,51.1,38,29.4,28.2,895,857,2.3,2.7,46.7,7.9,6,90.5,57.3,75.2,50.1,899,897,591,595,610,728,644,88,106,18,1823.8,19.81132075471698,19.81132075471698,79.54545454545455,79.54545454545455,66.98113207547169
