,Team,Season,Gm,PDO,GF,GA,G+/-,CF%,CP60,OFOn%,OSh%,OSv%,FO%,ZSO%,HSCF%,HSC+/-,HSCF,HSCA,HSCF60,HSCA60,HSCP60,SCF%,SC+/-,SCF,SCA,SCF60,SCA60,SCP60,CF%,C+/-,CF,CA,CF60,CA60,CP60,FF%,F+/-,FF60,FA60,FF,FA,FP60,MSF,MSA,BSF,BSA,SF%,S+/-,SF60,SA60,SF,SA,GF60,GA60,GF%,OSh%,OFenSh%,OSv%,OCOn%,OFOn%,FO%,FO_W,FO_L,ZSO,ZSN,ZSD,HIT,HIT-,PN,PN-,PenD,TOI,PPSuccess,PPSuccess,PKSuccess,PKSuccess,PPSuccess
1,WPG,20152016,30,99.5,82,90,-8,50.7,107.2,72.3,9.4,90.1,48.3,49.2,42.6,-102,292,394,9.7,13.1,22.7,47.6,-76,766,842,25.4,27.9,53.3,50.7,43,1639,1596,54.3,52.9,107.2,49.9,-6,40.1,40.3,1209,1215,80.3,335,302,430,381,48.9,-39,29,30.3,874,913,2.7,3,47.7,9.4,6.8,90.1,53.3,72.3,48.3,888,950,594,630,614,802,655,157,140,-17,1810.3,10.714285714285714,10.714285714285714,84.71337579617834,84.71337579617834,58.57142857142858
