,Team,Season,Gm,PDO,GF,GA,G+/-,CF%,CP60,OFOn%,OSh%,OSv%,FO%,ZSO%,HSCF%,HSC+/-,HSCF,HSCA,HSCF60,HSCA60,HSCP60,SCF%,SC+/-,SCF,SCA,SCF60,SCA60,SCP60,CF%,C+/-,CF,CA,CF60,CA60,CP60,FF%,F+/-,FF60,FA60,FF,FA,FP60,MSF,MSA,BSF,BSA,SF%,S+/-,SF60,SA60,SF,SA,GF60,GA60,GF%,OSh%,OFenSh%,OSv%,OCOn%,OFOn%,FO%,FO_W,FO_L,ZSO,ZSN,ZSD,HIT,HIT-,PN,PN-,PenD,TOI,PPSuccess,PPSuccess,PKSuccess,PKSuccess,PPSuccess
1,OTT,20152016,32,102.1,95,92,3,46.9,113.3,70.4,10.6,91.5,51,48.2,46.1,-57,341,398,10.4,12.2,22.6,46.4,-129,836,965,25.6,29.5,55.1,46.9,-226,1737,1963,53.2,60.1,113.3,46,-220,38.8,45.6,1268,1488,84.4,375,410,469,475,45.3,-185,27.3,33,893,1078,2.9,2.8,50.8,10.6,7.5,91.5,51.4,70.4,51,1029,990,652,667,700,839,738,139,129,-10,1959.5,14.728682170542637,14.728682170542637,84.89208633093526,84.89208633093526,73.64341085271317
