,Team,Season,Gm,PDO,GF,GA,G+/-,CF%,CP60,OFOn%,OSh%,OSv%,FO%,ZSO%,HSCF%,HSC+/-,HSCF,HSCA,HSCF60,HSCA60,HSCP60,SCF%,SC+/-,SCF,SCA,SCF60,SCA60,SCP60,CF%,C+/-,CF,CA,CF60,CA60,CP60,FF%,F+/-,FF60,FA60,FF,FA,FP60,MSF,MSA,BSF,BSA,SF%,S+/-,SF60,SA60,SF,SA,GF60,GA60,GF%,OSh%,OFenSh%,OSv%,OCOn%,OFOn%,FO%,FO_W,FO_L,ZSO,ZSN,ZSD,HIT,HIT-,PN,PN-,PenD,TOI,PPSuccess,PPSuccess,PKSuccess,PKSuccess,PPSuccess
1,DET,20152016,31,100.6,78,78,0,49.6,102.3,72.9,8.8,91.8,49.4,52.2,51,13,343,330,10.8,10.4,21.3,51.4,44,834,790,26.4,25,51.3,49.6,-26,1605,1631,50.7,51.6,102.3,48.7,-65,38.5,40.6,1219,1284,79.1,330,329,386,347,48.2,-66,28.1,30.2,889,955,2.5,2.5,50,8.8,6.4,91.8,55.4,72.9,49.4,903,926,641,600,588,664,596,122,118,-4,1898.1,15.254237288135593,15.254237288135593,85.24590163934427,85.24590163934427,66.10169491525424
