,Team,Season,Gm,PDO,GF,GA,G+/-,CF%,CP60,OFOn%,OSh%,OSv%,FO%,ZSO%,HSCF%,HSC+/-,HSCF,HSCA,HSCF60,HSCA60,HSCP60,SCF%,SC+/-,SCF,SCA,SCF60,SCA60,SCP60,CF%,C+/-,CF,CA,CF60,CA60,CP60,FF%,F+/-,FF60,FA60,FF,FA,FP60,MSF,MSA,BSF,BSA,SF%,S+/-,SF60,SA60,SF,SA,GF60,GA60,GF%,OSh%,OFenSh%,OSv%,OCOn%,OFOn%,FO%,FO_W,FO_L,ZSO,ZSN,ZSD,HIT,HIT-,PN,PN-,PenD,TOI,PPSuccess,PPSuccess,PKSuccess,PKSuccess,PPSuccess
1,FLA,20152016,32,101.3,83,75,8,48.3,100.3,73.1,9.3,92.1,49.5,48.3,46.3,-47,292,339,9,10.4,19.4,47.9,-63,713,776,22,23.9,45.9,48.3,-112,1573,1685,48.4,51.9,100.3,48.5,-78,37.7,40.1,1225,1303,77.8,330,358,348,382,48.6,-50,27.6,29.1,895,945,2.6,2.3,52.5,9.3,6.8,92.1,56.9,73.1,49.5,980,1001,649,637,695,827,879,137,138,1,1948.4,17.391304347826086,17.391304347826086,83.94160583941606,83.94160583941606,60.14492753623188
