,Team,Season,Gm,PDO,GF,GA,G+/-,CF%,CP60,OFOn%,OSh%,OSv%,FO%,ZSO%,HSCF%,HSC+/-,HSCF,HSCA,HSCF60,HSCA60,HSCP60,SCF%,SC+/-,SCF,SCA,SCF60,SCA60,SCP60,CF%,C+/-,CF,CA,CF60,CA60,CP60,FF%,F+/-,FF60,FA60,FF,FA,FP60,MSF,MSA,BSF,BSA,SF%,S+/-,SF60,SA60,SF,SA,GF60,GA60,GF%,OSh%,OFenSh%,OSv%,OCOn%,OFOn%,FO%,FO_W,FO_L,ZSO,ZSN,ZSD,HIT,HIT-,PN,PN-,PenD,TOI,PPSuccess,PPSuccess,PKSuccess,PKSuccess,PPSuccess
1,STL,20152016,36,100.2,91,84,7,50.8,105.7,74.2,8.4,91.8,51.5,48.7,48.7,-19,362,381,9.9,10.4,20.4,49.8,-7,921,928,25.3,25.4,50.7,50.8,63,1959,1896,53.7,52,105.7,51.2,70,40.1,38.2,1463,1393,78.3,377,366,496,503,51.4,59,29.8,28.2,1086,1027,2.5,2.3,52,8.4,6.2,91.8,55.4,74.2,51.5,1123,1056,732,676,771,849,849,153,134,-19,2188.1,15.671641791044777,15.671641791044777,90.19607843137254,90.19607843137254,67.91044776119402
