,Team,Season,Gm,PDO,GF,GA,G+/-,CF%,CP60,OFOn%,OSh%,OSv%,FO%,ZSO%,HSCF%,HSC+/-,HSCF,HSCA,HSCF60,HSCA60,HSCP60,SCF%,SC+/-,SCF,SCA,SCF60,SCA60,SCP60,CF%,C+/-,CF,CA,CF60,CA60,CP60,FF%,F+/-,FF60,FA60,FF,FA,FP60,MSF,MSA,BSF,BSA,SF%,S+/-,SF60,SA60,SF,SA,GF60,GA60,GF%,OSh%,OFenSh%,OSv%,OCOn%,OFOn%,FO%,FO_W,FO_L,ZSO,ZSN,ZSD,HIT,HIT-,PN,PN-,PenD,TOI,PPSuccess,PPSuccess,PKSuccess,PKSuccess,PPSuccess
1,WSH,20152016,34,102.9,106,72,34,50.3,111.2,70.2,10.4,92.5,49.9,49.4,51.5,21,368,347,10.7,10.1,20.8,51,39,964,925,28.1,26.9,55,50.3,22,1921,1899,55.9,55.3,111.2,51.1,61,42.3,40.6,1454,1393,82.9,434,433,467,506,51.5,60,29.7,28,1020,960,3.1,2.1,59.6,10.4,7.3,92.5,53.1,70.2,49.9,989,991,661,641,678,827,762,121,133,12,2060.8,19.548872180451127,19.548872180451127,87.60330578512396,87.60330578512396,79.69924812030075
