,Team,Season,Gm,PDO,GF,GA,G+/-,CF%,CP60,OFOn%,OSh%,OSv%,FO%,ZSO%,HSCF%,HSC+/-,HSCF,HSCA,HSCF60,HSCA60,HSCP60,SCF%,SC+/-,SCF,SCA,SCF60,SCA60,SCP60,CF%,C+/-,CF,CA,CF60,CA60,CP60,FF%,F+/-,FF60,FA60,FF,FA,FP60,MSF,MSA,BSF,BSA,SF%,S+/-,SF60,SA60,SF,SA,GF60,GA60,GF%,OSh%,OFenSh%,OSv%,OCOn%,OFOn%,FO%,FO_W,FO_L,ZSO,ZSN,ZSD,HIT,HIT-,PN,PN-,PenD,TOI,PPSuccess,PPSuccess,PKSuccess,PKSuccess,PPSuccess
1,T.B,20152016,22,100.8,53,48,5,51.5,105,68,8.6,92.2,50.6,53.6,50.8,7,230,223,10.4,10,20.4,50.6,13,578,565,26,25.4,51.4,51.5,70,1202,1132,54.1,50.9,105,51.2,42,41,39.1,910,868,80,291,253,292,264,50.2,4,27.9,27.7,619,615,2.4,2.2,52.5,8.6,5.8,92.2,51.5,68,50.6,653,638,465,423,403,401,539,83,84,1,1333.2,15.476190476190476,15.476190476190476,86.74698795180723,86.74698795180723,63.095238095238095
