,Team,Season,Gm,PDO,GF,GA,G+/-,CF%,CP60,OFOn%,OSh%,OSv%,FO%,ZSO%,HSCF%,HSC+/-,HSCF,HSCA,HSCF60,HSCA60,HSCP60,SCF%,SC+/-,SCF,SCA,SCF60,SCA60,SCP60,CF%,C+/-,CF,CA,CF60,CA60,CP60,FF%,F+/-,FF60,FA60,FF,FA,FP60,MSF,MSA,BSF,BSA,SF%,S+/-,SF60,SA60,SF,SA,GF60,GA60,GF%,OSh%,OFenSh%,OSv%,OCOn%,OFOn%,FO%,FO_W,FO_L,ZSO,ZSN,ZSD,HIT,HIT-,PN,PN-,PenD,TOI,PPSuccess,PPSuccess,PKSuccess,PKSuccess,PPSuccess
1,DET,20152016,37,100.2,93,96,-3,50.1,101.5,73.5,8.7,91.5,50.3,51.6,50.4,6,406,400,10.8,10.6,21.4,51.2,46,998,952,26.5,25.2,51.7,50.1,8,1918,1910,50.8,50.6,101.5,49.1,-53,38.5,39.9,1451,1504,78.3,385,378,467,406,48.6,-60,28.3,29.9,1066,1126,2.5,2.5,49.2,8.7,6.4,91.5,55.6,73.5,50.3,1090,1076,747,719,700,780,720,146,146,0,2263.1,15.068493150684931,15.068493150684931,84.93150684931507,84.93150684931507,63.6986301369863
