,Team,Season,Gm,PDO,GF,GA,G+/-,CF%,CP60,OFOn%,OSh%,OSv%,FO%,ZSO%,HSCF%,HSC+/-,HSCF,HSCA,HSCF60,HSCA60,HSCP60,SCF%,SC+/-,SCF,SCA,SCF60,SCA60,SCP60,CF%,C+/-,CF,CA,CF60,CA60,CP60,FF%,F+/-,FF60,FA60,FF,FA,FP60,MSF,MSA,BSF,BSA,SF%,S+/-,SF60,SA60,SF,SA,GF60,GA60,GF%,OSh%,OFenSh%,OSv%,OCOn%,OFOn%,FO%,FO_W,FO_L,ZSO,ZSN,ZSD,HIT,HIT-,PN,PN-,PenD,TOI,PPSuccess,PPSuccess,PKSuccess,PKSuccess,PPSuccess
1,STL,20152016,39,100.1,97,92,5,50.7,106,74,8.3,91.8,51,49.1,46.9,-51,385,436,9.7,11,20.7,49.4,-25,1010,1035,25.5,26.1,51.6,50.7,60,2130,2070,53.8,52.2,106,50.9,56,39.9,38.5,1582,1526,78.4,412,404,548,544,51,48,29.5,28.3,1170,1122,2.4,2.3,51.3,8.3,6.1,91.8,54.9,74,51,1217,1167,809,736,839,931,928,164,147,-17,2377.1,14.965986394557824,14.965986394557824,89.63414634146342,89.63414634146342,65.98639455782312
