,Team,Season,Gm,PDO,GF,GA,G+/-,CF%,CP60,OFOn%,OSh%,OSv%,FO%,ZSO%,HSCF%,HSC+/-,HSCF,HSCA,HSCF60,HSCA60,HSCP60,SCF%,SC+/-,SCF,SCA,SCF60,SCA60,SCP60,CF%,C+/-,CF,CA,CF60,CA60,CP60,FF%,F+/-,FF60,FA60,FF,FA,FP60,MSF,MSA,BSF,BSA,SF%,S+/-,SF60,SA60,SF,SA,GF60,GA60,GF%,OSh%,OFenSh%,OSv%,OCOn%,OFOn%,FO%,FO_W,FO_L,ZSO,ZSN,ZSD,HIT,HIT-,PN,PN-,PenD,TOI,PPSuccess,PPSuccess,PKSuccess,PKSuccess,PPSuccess
1,STL,20152016,21,100.2,56,52,4,50.5,105.5,74.1,8.8,91.4,49.5,48.9,48.9,-10,215,225,10.1,10.5,20.6,49.9,-2,555,557,26,26.1,52,50.5,22,1138,1116,53.3,52.2,105.5,51.1,36,40.3,38.7,862,826,79,223,220,276,290,51.3,33,29.9,28.4,639,606,2.6,2.4,51.9,8.8,6.5,91.4,56.2,74.1,49.5,633,646,431,398,450,476,417,102,90,-12,1282,13.333333333333334,13.333333333333334,88.23529411764706,88.23529411764706,62.22222222222222
