,Team,Season,Gm,PDO,GF,GA,G+/-,CF%,CP60,OFOn%,OSh%,OSv%,FO%,ZSO%,HSCF%,HSC+/-,HSCF,HSCA,HSCF60,HSCA60,HSCP60,SCF%,SC+/-,SCF,SCA,SCF60,SCA60,SCP60,CF%,C+/-,CF,CA,CF60,CA60,CP60,FF%,F+/-,FF60,FA60,FF,FA,FP60,MSF,MSA,BSF,BSA,SF%,S+/-,SF60,SA60,SF,SA,GF60,GA60,GF%,OSh%,OFenSh%,OSv%,OCOn%,OFOn%,FO%,FO_W,FO_L,ZSO,ZSN,ZSD,HIT,HIT-,PN,PN-,PenD,TOI,PPSuccess,PPSuccess,PKSuccess,PKSuccess,PPSuccess
1,DAL,20152016,18,102.7,65,47,18,51.1,119,71,11.4,91.3,49.9,50.4,50.2,2,238,236,13.2,13,26.2,52.1,48,584,536,32.3,29.6,61.9,51.1,49,1101,1052,60.8,58.1,119,50.5,15,44.5,43.7,806,791,88.3,234,249,295,261,51.3,30,31.6,30,572,542,3.6,2.6,58,11.4,8.1,91.3,52,71,49.9,582,585,401,371,395,333,428,71,72,1,1085.8,22.22222222222222,22.22222222222222,84.50704225352112,84.50704225352112,90.27777777777779
