,Team,Season,Gm,PDO,GF,GA,G+/-,CF%,CP60,OFOn%,OSh%,OSv%,FO%,ZSO%,HSCF%,HSC+/-,HSCF,HSCA,HSCF60,HSCA60,HSCP60,SCF%,SC+/-,SCF,SCA,SCF60,SCA60,SCP60,CF%,C+/-,CF,CA,CF60,CA60,CP60,FF%,F+/-,FF60,FA60,FF,FA,FP60,MSF,MSA,BSF,BSA,SF%,S+/-,SF60,SA60,SF,SA,GF60,GA60,GF%,OSh%,OFenSh%,OSv%,OCOn%,OFOn%,FO%,FO_W,FO_L,ZSO,ZSN,ZSD,HIT,HIT-,PN,PN-,PenD,TOI,PPSuccess,PPSuccess,PKSuccess,PKSuccess,PPSuccess
1,DET,20152016,33,100.8,85,83,2,49.5,101.9,73.4,8.9,91.9,50.5,51.4,50.7,10,364,354,10.8,10.5,21.3,51.3,46,894,848,26.5,25.1,51.7,49.5,-33,1702,1735,50.5,51.5,101.9,48.8,-66,38.5,40.4,1297,1363,78.9,345,340,405,372,48.2,-71,28.2,30.3,952,1023,2.5,2.5,50.6,8.9,6.6,91.9,55.9,73.4,50.5,982,964,670,643,633,709,645,129,126,-3,2023.1,14.285714285714285,14.285714285714285,85.27131782945736,85.27131782945736,67.46031746031747
