,Team,Season,Gm,PDO,GF,GA,G+/-,CF%,CP60,OFOn%,OSh%,OSv%,FO%,ZSO%,HSCF%,HSC+/-,HSCF,HSCA,HSCF60,HSCA60,HSCP60,SCF%,SC+/-,SCF,SCA,SCF60,SCA60,SCP60,CF%,C+/-,CF,CA,CF60,CA60,CP60,FF%,F+/-,FF60,FA60,FF,FA,FP60,MSF,MSA,BSF,BSA,SF%,S+/-,SF60,SA60,SF,SA,GF60,GA60,GF%,OSh%,OFenSh%,OSv%,OCOn%,OFOn%,FO%,FO_W,FO_L,ZSO,ZSN,ZSD,HIT,HIT-,PN,PN-,PenD,TOI,PPSuccess,PPSuccess,PKSuccess,PKSuccess,PPSuccess
1,MTL,20152016,35,100.3,103,86,17,53.6,109.3,73,9.3,91,50.4,50.1,52.3,35,397,362,11.3,10.3,21.5,51.3,47,945,898,26.8,25.5,52.2,53.6,276,2066,1790,58.6,50.7,109.3,53.3,189,43,37.6,1517,1328,80.7,410,373,549,462,53.7,152,31.4,27.1,1107,955,2.9,2.4,54.5,9.3,6.8,91,53.6,73,50.4,1137,1120,760,740,757,723,1085,135,145,10,2116.5,15.862068965517242,15.862068965517242,86.66666666666667,86.66666666666667,71.03448275862068
