,Team,Season,Gm,PDO,GF,GA,G+/-,CF%,CP60,OFOn%,OSh%,OSv%,FO%,ZSO%,HSCF%,HSC+/-,HSCF,HSCA,HSCF60,HSCA60,HSCP60,SCF%,SC+/-,SCF,SCA,SCF60,SCA60,SCP60,CF%,C+/-,CF,CA,CF60,CA60,CP60,FF%,F+/-,FF60,FA60,FF,FA,FP60,MSF,MSA,BSF,BSA,SF%,S+/-,SF60,SA60,SF,SA,GF60,GA60,GF%,OSh%,OFenSh%,OSv%,OCOn%,OFOn%,FO%,FO_W,FO_L,ZSO,ZSN,ZSD,HIT,HIT-,PN,PN-,PenD,TOI,PPSuccess,PPSuccess,PKSuccess,PKSuccess,PPSuccess
1,NSH,20152016,18,100.3,51,43,8,52.4,109.1,71.2,9,91.3,49,49.6,59,61,200,139,10.9,7.6,18.5,56,113,524,411,28.6,22.4,51,52.4,96,1048,952,57.1,51.9,109.1,54.4,129,43.4,36.4,796,667,79.8,229,174,252,285,53.5,74,30.9,26.9,567,493,2.8,2.3,54.3,9,6.4,91.3,54.1,71.2,49,542,563,372,355,378,430,350,83,90,7,1100.4,14.444444444444443,14.444444444444443,89.1566265060241,89.1566265060241,56.666666666666664
