,Team,Season,Gm,PDO,GF,GA,G+/-,CF%,CP60,OFOn%,OSh%,OSv%,FO%,ZSO%,HSCF%,HSC+/-,HSCF,HSCA,HSCF60,HSCA60,HSCP60,SCF%,SC+/-,SCF,SCA,SCF60,SCA60,SCP60,CF%,C+/-,CF,CA,CF60,CA60,CP60,FF%,F+/-,FF60,FA60,FF,FA,FP60,MSF,MSA,BSF,BSA,SF%,S+/-,SF60,SA60,SF,SA,GF60,GA60,GF%,OSh%,OFenSh%,OSv%,OCOn%,OFOn%,FO%,FO_W,FO_L,ZSO,ZSN,ZSD,HIT,HIT-,PN,PN-,PenD,TOI,PPSuccess,PPSuccess,PKSuccess,PKSuccess,PPSuccess
1,MTL,20152016,32,101.9,100,72,28,53.1,109.7,72.8,10,91.9,49.7,49.5,51.3,18,356,338,11,10.5,21.5,50.8,28,866,838,26.8,26,52.8,53.1,218,1879,1661,58.2,51.5,109.7,52.8,144,42.7,38.2,1377,1233,80.9,374,344,502,428,53,114,31.1,27.5,1003,889,3.1,2.2,58.1,10,7.3,91.9,53.4,72.8,49.7,1028,1039,687,680,700,653,999,121,131,10,1936.5,16.030534351145036,16.030534351145036,88.4297520661157,88.4297520661157,76.33587786259542
