,Team,Season,Gm,PDO,GF,GA,G+/-,CF%,CP60,OFOn%,OSh%,OSv%,FO%,ZSO%,HSCF%,HSC+/-,HSCF,HSCA,HSCF60,HSCA60,HSCP60,SCF%,SC+/-,SCF,SCA,SCF60,SCA60,SCP60,CF%,C+/-,CF,CA,CF60,CA60,CP60,FF%,F+/-,FF60,FA60,FF,FA,FP60,MSF,MSA,BSF,BSA,SF%,S+/-,SF60,SA60,SF,SA,GF60,GA60,GF%,OSh%,OFenSh%,OSv%,OCOn%,OFOn%,FO%,FO_W,FO_L,ZSO,ZSN,ZSD,HIT,HIT-,PN,PN-,PenD,TOI,PPSuccess,PPSuccess,PKSuccess,PKSuccess,PPSuccess
1,NSH,20152016,31,98.4,79,80,-1,53.5,107.8,71.9,8.1,90.3,48.7,51.3,58.7,101,342,241,10.9,7.7,18.5,55.7,174,854,680,27.1,21.6,48.8,53.5,240,1815,1575,57.7,50.1,107.8,55.1,249,43,35.1,1354,1105,78.2,381,284,461,470,54.2,152,30.9,26.1,973,821,2.5,2.5,49.7,8.1,5.8,90.3,53.6,71.9,48.7,921,969,659,605,626,717,614,139,143,4,1887.6,14.685314685314685,14.685314685314685,84.1726618705036,84.1726618705036,55.24475524475524
