,Team,Season,Gm,PDO,GF,GA,G+/-,CF%,CP60,OFOn%,OSh%,OSv%,FO%,ZSO%,HSCF%,HSC+/-,HSCF,HSCA,HSCF60,HSCA60,HSCP60,SCF%,SC+/-,SCF,SCA,SCF60,SCA60,SCP60,CF%,C+/-,CF,CA,CF60,CA60,CP60,FF%,F+/-,FF60,FA60,FF,FA,FP60,MSF,MSA,BSF,BSA,SF%,S+/-,SF60,SA60,SF,SA,GF60,GA60,GF%,OSh%,OFenSh%,OSv%,OCOn%,OFOn%,FO%,FO_W,FO_L,ZSO,ZSN,ZSD,HIT,HIT-,PN,PN-,PenD,TOI,PPSuccess,PPSuccess,PKSuccess,PKSuccess,PPSuccess
1,CGY,20152016,30,97.5,79,103,-24,48.5,111.4,73.2,9.1,88.4,47.6,50.3,49.2,-11,341,352,11.2,11.5,22.7,49.3,-23,831,854,27.2,28,55.2,48.5,-100,1650,1750,54.1,57.3,111.4,48.7,-62,39,41,1189,1251,79.9,319,361,461,499,49.4,-20,28.5,29.2,870,890,2.6,3.4,43.4,9.1,6.6,88.4,52.7,73.2,47.6,873,962,622,599,614,600,513,103,111,8,1831.3,9.00900900900901,9.00900900900901,78.64077669902913,78.64077669902913,71.17117117117117
