,Team,Season,Gm,PDO,GF,GA,G+/-,CF%,CP60,OFOn%,OSh%,OSv%,FO%,ZSO%,HSCF%,HSC+/-,HSCF,HSCA,HSCF60,HSCA60,HSCP60,SCF%,SC+/-,SCF,SCA,SCF60,SCA60,SCP60,CF%,C+/-,CF,CA,CF60,CA60,CP60,FF%,F+/-,FF60,FA60,FF,FA,FP60,MSF,MSA,BSF,BSA,SF%,S+/-,SF60,SA60,SF,SA,GF60,GA60,GF%,OSh%,OFenSh%,OSv%,OCOn%,OFOn%,FO%,FO_W,FO_L,ZSO,ZSN,ZSD,HIT,HIT-,PN,PN-,PenD,TOI,PPSuccess,PPSuccess,PKSuccess,PKSuccess,PPSuccess
1,L.A,20152016,30,99.9,76,65,11,55.7,109.7,69.6,7.7,92.2,49.2,53.3,52.9,40,365,325,11.9,10.6,22.6,54.3,145,914,769,29.9,25.2,55.1,55.7,380,1867,1487,61.1,48.6,109.7,55.1,262,46.1,37.6,1410,1148,83.7,428,317,457,339,54.2,151,32.1,27.2,982,831,2.5,2.1,53.9,7.7,5.4,92.2,52.6,69.6,49.2,911,939,688,558,604,869,792,131,113,-18,1834,14.15929203539823,14.15929203539823,87.02290076335878,87.02290076335878,67.2566371681416
