,Team,Season,Gm,PDO,GF,GA,G+/-,CF%,CP60,OFOn%,OSh%,OSv%,FO%,ZSO%,HSCF%,HSC+/-,HSCF,HSCA,HSCF60,HSCA60,HSCP60,SCF%,SC+/-,SCF,SCA,SCF60,SCA60,SCP60,CF%,C+/-,CF,CA,CF60,CA60,CP60,FF%,F+/-,FF60,FA60,FF,FA,FP60,MSF,MSA,BSF,BSA,SF%,S+/-,SF60,SA60,SF,SA,GF60,GA60,GF%,OSh%,OFenSh%,OSv%,OCOn%,OFOn%,FO%,FO_W,FO_L,ZSO,ZSN,ZSD,HIT,HIT-,PN,PN-,PenD,TOI,PPSuccess,PPSuccess,PKSuccess,PKSuccess,PPSuccess
1,ANA,20152016,29,97.8,55,72,-17,51.5,112.7,68.9,6.4,91.3,51.6,49.7,49.4,-8,335,343,11.5,11.7,23.2,49.6,-13,731,744,25,25.4,50.4,51.5,98,1698,1600,58,54.7,112.7,51.2,58,42.5,40.5,1242,1184,82.9,386,353,456,416,50.7,25,29.3,28.4,856,831,1.9,2.5,43.3,6.4,4.4,91.3,50.4,68.9,51.6,896,840,581,567,588,801,678,133,116,-17,1755.3,11.206896551724139,11.206896551724139,90.97744360902256,90.97744360902256,47.41379310344828
