,Team,Season,Gm,PDO,GF,GA,G+/-,CF%,CP60,OFOn%,OSh%,OSv%,FO%,ZSO%,HSCF%,HSC+/-,HSCF,HSCA,HSCF60,HSCA60,HSCP60,SCF%,SC+/-,SCF,SCA,SCF60,SCA60,SCP60,CF%,C+/-,CF,CA,CF60,CA60,CP60,FF%,F+/-,FF60,FA60,FF,FA,FP60,MSF,MSA,BSF,BSA,SF%,S+/-,SF60,SA60,SF,SA,GF60,GA60,GF%,OSh%,OFenSh%,OSv%,OCOn%,OFOn%,FO%,FO_W,FO_L,ZSO,ZSN,ZSD,HIT,HIT-,PN,PN-,PenD,TOI,PPSuccess,PPSuccess,PKSuccess,PKSuccess,PPSuccess
1,MTL,20152016,23,104,83,50,33,52,109.9,72.7,11.6,92.5,49.6,46.5,51,10,247,237,10.7,10.2,20.9,49.8,-4,618,622,26.7,26.9,53.6,52,101,1323,1222,57.1,52.8,109.9,51.9,73,42.7,39.5,988,915,82.2,270,251,335,307,52,54,31,28.7,718,664,3.6,2.2,62.4,11.6,8.4,92.5,54.3,72.7,49.6,737,749,460,496,530,466,687,92,99,7,1389,19.19191919191919,19.19191919191919,88.04347826086956,88.04347826086956,83.83838383838383
