,Team,Season,Gm,PDO,GF,GA,G+/-,CF%,CP60,OFOn%,OSh%,OSv%,FO%,ZSO%,HSCF%,HSC+/-,HSCF,HSCA,HSCF60,HSCA60,HSCP60,SCF%,SC+/-,SCF,SCA,SCF60,SCA60,SCP60,CF%,C+/-,CF,CA,CF60,CA60,CP60,FF%,F+/-,FF60,FA60,FF,FA,FP60,MSF,MSA,BSF,BSA,SF%,S+/-,SF60,SA60,SF,SA,GF60,GA60,GF%,OSh%,OFenSh%,OSv%,OCOn%,OFOn%,FO%,FO_W,FO_L,ZSO,ZSN,ZSD,HIT,HIT-,PN,PN-,PenD,TOI,PPSuccess,PPSuccess,PKSuccess,PKSuccess,PPSuccess
1,CAR,20152016,22,96,46,61,-15,55.1,107.8,68.7,6.8,89.2,53.9,56.9,53,28,251,223,11.3,10,21.3,52.3,51,591,540,26.5,24.2,50.8,55.1,244,1323,1079,59.4,48.4,107.8,54,145,43.9,37.4,979,834,81.4,306,269,344,245,54.4,108,30.2,25.4,673,565,2.1,2.7,43,6.8,4.7,89.2,50.9,68.7,53.9,659,564,465,406,352,406,490,61,84,23,1336.9,10.714285714285714,10.714285714285714,80.32786885245902,80.32786885245902,54.761904761904766
