,Team,Season,Gm,PDO,GF,GA,G+/-,CF%,CP60,OFOn%,OSh%,OSv%,FO%,ZSO%,HSCF%,HSC+/-,HSCF,HSCA,HSCF60,HSCA60,HSCP60,SCF%,SC+/-,SCF,SCA,SCF60,SCA60,SCP60,CF%,C+/-,CF,CA,CF60,CA60,CP60,FF%,F+/-,FF60,FA60,FF,FA,FP60,MSF,MSA,BSF,BSA,SF%,S+/-,SF60,SA60,SF,SA,GF60,GA60,GF%,OSh%,OFenSh%,OSv%,OCOn%,OFOn%,FO%,FO_W,FO_L,ZSO,ZSN,ZSD,HIT,HIT-,PN,PN-,PenD,TOI,PPSuccess,PPSuccess,PKSuccess,PKSuccess,PPSuccess
1,WSH,20152016,21,101.5,66,47,19,53,108.5,71.6,10.1,91.4,50.6,52.1,54.7,42,245,203,11.6,9.6,21.1,52.9,67,608,541,28.7,25.5,54.2,53,138,1218,1080,57.5,51,108.5,53.3,112,43.2,37.9,916,804,81.2,260,257,302,276,54.5,109,31,25.8,656,547,3.1,2.2,58.4,10.1,7.2,91.4,53.9,71.6,50.6,606,591,413,405,379,473,454,68,76,8,1271.2,17.105263157894736,17.105263157894736,86.76470588235294,86.76470588235294,86.8421052631579
