,Team,Season,Gm,PDO,GF,GA,G+/-,CF%,CP60,OFOn%,OSh%,OSv%,FO%,ZSO%,HSCF%,HSC+/-,HSCF,HSCA,HSCF60,HSCA60,HSCP60,SCF%,SC+/-,SCF,SCA,SCF60,SCA60,SCP60,CF%,C+/-,CF,CA,CF60,CA60,CP60,FF%,F+/-,FF60,FA60,FF,FA,FP60,MSF,MSA,BSF,BSA,SF%,S+/-,SF60,SA60,SF,SA,GF60,GA60,GF%,OSh%,OFenSh%,OSv%,OCOn%,OFOn%,FO%,FO_W,FO_L,ZSO,ZSN,ZSD,HIT,HIT-,PN,PN-,PenD,TOI,PPSuccess,PPSuccess,PKSuccess,PKSuccess,PPSuccess
1,MTL,20152016,33,101.3,100,75,25,53.4,109.9,73.3,9.5,91.7,50.1,50.1,51.7,24,370,346,11.1,10.4,21.5,51.1,37,893,856,26.8,25.7,52.6,53.4,248,1953,1705,58.7,51.2,109.9,53.1,169,43,37.9,1430,1261,80.9,382,352,523,444,53.6,139,31.5,27.3,1048,909,3,2.3,57.1,9.5,7,91.7,53.7,73.3,50.1,1069,1064,719,697,717,682,1044,123,134,11,1996.5,15.671641791044777,15.671641791044777,88.6178861788618,88.6178861788618,74.6268656716418
