,Team,Season,Gm,PDO,GF,GA,G+/-,CF%,CP60,OFOn%,OSh%,OSv%,FO%,ZSO%,HSCF%,HSC+/-,HSCF,HSCA,HSCF60,HSCA60,HSCP60,SCF%,SC+/-,SCF,SCA,SCF60,SCA60,SCP60,CF%,C+/-,CF,CA,CF60,CA60,CP60,FF%,F+/-,FF60,FA60,FF,FA,FP60,MSF,MSA,BSF,BSA,SF%,S+/-,SF60,SA60,SF,SA,GF60,GA60,GF%,OSh%,OFenSh%,OSv%,OCOn%,OFOn%,FO%,FO_W,FO_L,ZSO,ZSN,ZSD,HIT,HIT-,PN,PN-,PenD,TOI,PPSuccess,PPSuccess,PKSuccess,PKSuccess,PPSuccess
1,NYI,20152016,33,101,88,77,11,49.7,109.6,72.8,9.1,92,49.8,52.6,51,16,394,378,11.7,11.2,22.9,50.3,13,949,936,28.2,27.8,56,49.7,-23,1832,1855,54.4,55.1,109.6,49.9,-8,39.6,39.9,1334,1342,79.5,363,382,498,513,50.3,11,28.9,28.5,971,960,2.6,2.3,53.3,9.1,6.6,92,53,72.8,49.8,928,937,659,611,595,1145,973,127,123,-4,2019,14.634146341463413,14.634146341463413,91.33858267716535,91.33858267716535,71.54471544715447
