,Team,Season,Gm,PDO,GF,GA,G+/-,CF%,CP60,OFOn%,OSh%,OSv%,FO%,ZSO%,HSCF%,HSC+/-,HSCF,HSCA,HSCF60,HSCA60,HSCP60,SCF%,SC+/-,SCF,SCA,SCF60,SCA60,SCP60,CF%,C+/-,CF,CA,CF60,CA60,CP60,FF%,F+/-,FF60,FA60,FF,FA,FP60,MSF,MSA,BSF,BSA,SF%,S+/-,SF60,SA60,SF,SA,GF60,GA60,GF%,OSh%,OFenSh%,OSv%,OCOn%,OFOn%,FO%,FO_W,FO_L,ZSO,ZSN,ZSD,HIT,HIT-,PN,PN-,PenD,TOI,PPSuccess,PPSuccess,PKSuccess,PKSuccess,PPSuccess
1,L.A,20152016,35,100.1,91,78,13,55.3,110.4,69.1,8,92.1,49.5,52.9,52.8,46,430,384,12.1,10.8,22.9,54.6,181,1073,892,30.2,25.1,55.2,55.3,418,2173,1755,61.1,49.3,110.4,54.9,292,46.2,37.9,1642,1350,84.1,507,363,531,405,53.5,148,31.9,27.7,1135,987,2.6,2.2,53.8,8,5.5,92.1,52.2,69.1,49.5,1071,1093,797,656,711,1032,916,154,135,-19,2134.6,14.074074074074074,14.074074074074074,85.71428571428572,85.71428571428572,67.4074074074074
