,Team,Season,Gm,PDO,GF,GA,G+/-,CF%,CP60,OFOn%,OSh%,OSv%,FO%,ZSO%,HSCF%,HSC+/-,HSCF,HSCA,HSCF60,HSCA60,HSCP60,SCF%,SC+/-,SCF,SCA,SCF60,SCA60,SCP60,CF%,C+/-,CF,CA,CF60,CA60,CP60,FF%,F+/-,FF60,FA60,FF,FA,FP60,MSF,MSA,BSF,BSA,SF%,S+/-,SF60,SA60,SF,SA,GF60,GA60,GF%,OSh%,OFenSh%,OSv%,OCOn%,OFOn%,FO%,FO_W,FO_L,ZSO,ZSN,ZSD,HIT,HIT-,PN,PN-,PenD,TOI,PPSuccess,PPSuccess,PKSuccess,PKSuccess,PPSuccess
1,ANA,20152016,34,97.5,65,86,-21,51.7,110.1,70,6.5,91,51.9,48.9,49.9,-2,381,383,11.1,11.2,22.3,49.9,-5,851,856,24.8,25,49.8,51.7,129,1953,1824,56.9,53.2,110.1,51.4,80,41.8,39.4,1433,1353,81.2,430,399,520,471,51.3,49,29.2,27.8,1003,954,1.9,2.5,43,6.5,4.5,91,51.4,70,51.9,1048,973,663,666,692,913,801,159,135,-24,2057.9,11.11111111111111,11.11111111111111,91.19496855345912,91.19496855345912,48.148148148148145
