,Team,Season,Gm,PDO,GF,GA,G+/-,CF%,CP60,OFOn%,OSh%,OSv%,FO%,ZSO%,HSCF%,HSC+/-,HSCF,HSCA,HSCF60,HSCA60,HSCP60,SCF%,SC+/-,SCF,SCA,SCF60,SCA60,SCP60,CF%,C+/-,CF,CA,CF60,CA60,CP60,FF%,F+/-,FF60,FA60,FF,FA,FP60,MSF,MSA,BSF,BSA,SF%,S+/-,SF60,SA60,SF,SA,GF60,GA60,GF%,OSh%,OFenSh%,OSv%,OCOn%,OFOn%,FO%,FO_W,FO_L,ZSO,ZSN,ZSD,HIT,HIT-,PN,PN-,PenD,TOI,PPSuccess,PPSuccess,PKSuccess,PKSuccess,PPSuccess
1,NYI,20152016,36,101.1,94,83,11,49.7,110.4,72.4,8.9,92.1,49.7,52.4,49.8,-3,420,423,11.5,11.5,23,50,-1,1032,1033,28.2,28.2,56.3,49.7,-24,2011,2035,54.9,55.5,110.4,49.6,-23,39.7,40.3,1454,1477,80,401,421,557,558,49.9,-3,28.7,28.8,1053,1056,2.6,2.3,53.1,8.9,6.5,92.1,52.4,72.4,49.7,1004,1015,714,656,649,1218,1048,134,132,-2,2199,13.636363636363635,13.636363636363635,91.7910447761194,91.7910447761194,71.21212121212122
