,Team,Season,Gm,PDO,GF,GA,G+/-,CF%,CP60,OFOn%,OSh%,OSv%,FO%,ZSO%,HSCF%,HSC+/-,HSCF,HSCA,HSCF60,HSCA60,HSCP60,SCF%,SC+/-,SCF,SCA,SCF60,SCA60,SCP60,CF%,C+/-,CF,CA,CF60,CA60,CP60,FF%,F+/-,FF60,FA60,FF,FA,FP60,MSF,MSA,BSF,BSA,SF%,S+/-,SF60,SA60,SF,SA,GF60,GA60,GF%,OSh%,OFenSh%,OSv%,OCOn%,OFOn%,FO%,FO_W,FO_L,ZSO,ZSN,ZSD,HIT,HIT-,PN,PN-,PenD,TOI,PPSuccess,PPSuccess,PKSuccess,PKSuccess,PPSuccess
1,STL,20152016,38,99.9,93,89,4,50.8,106,74.1,8.1,91.8,51.2,49.2,47.2,-44,376,420,9.8,10.9,20.6,49.4,-24,977,1001,25.3,26,51.3,50.8,63,2075,2012,53.8,52.2,106,51.1,67,40.1,38.4,1546,1479,78.5,401,390,529,533,51.3,56,29.7,28.2,1145,1089,2.4,2.3,51.1,8.1,6,91.8,55.2,74.1,51.2,1181,1127,786,710,812,907,894,161,144,-17,2313.1,15.277777777777779,15.277777777777779,89.44099378881988,89.44099378881988,64.58333333333334
