,Team,Season,Gm,PDO,GF,GA,G+/-,CF%,CP60,OFOn%,OSh%,OSv%,FO%,ZSO%,HSCF%,HSC+/-,HSCF,HSCA,HSCF60,HSCA60,HSCP60,SCF%,SC+/-,SCF,SCA,SCF60,SCA60,SCP60,CF%,C+/-,CF,CA,CF60,CA60,CP60,FF%,F+/-,FF60,FA60,FF,FA,FP60,MSF,MSA,BSF,BSA,SF%,S+/-,SF60,SA60,SF,SA,GF60,GA60,GF%,OSh%,OFenSh%,OSv%,OCOn%,OFOn%,FO%,FO_W,FO_L,ZSO,ZSN,ZSD,HIT,HIT-,PN,PN-,PenD,TOI,PPSuccess,PPSuccess,PKSuccess,PKSuccess,PPSuccess
1,OTT,20152016,16,101.3,47,49,-2,46.8,114.3,71.8,10.1,91.2,49.3,48.5,46.4,-28,178,206,10.8,12.5,23.3,46.2,-69,424,493,25.7,29.9,55.7,46.8,-121,881,1002,53.5,60.8,114.3,46,-114,39.3,46.3,648,762,85.6,183,208,233,240,45.6,-89,28.2,33.6,465,554,2.9,3,49,10.1,7.3,91.2,52.8,71.8,49.3,519,533,346,339,367,396,354,76,65,-11,988.4,15.384615384615385,15.384615384615385,81.57894736842105,81.57894736842105,72.3076923076923
