,Team,Season,Gm,PDO,GF,GA,G+/-,CF%,CP60,OFOn%,OSh%,OSv%,FO%,ZSO%,HSCF%,HSC+/-,HSCF,HSCA,HSCF60,HSCA60,HSCP60,SCF%,SC+/-,SCF,SCA,SCF60,SCA60,SCP60,CF%,C+/-,CF,CA,CF60,CA60,CP60,FF%,F+/-,FF60,FA60,FF,FA,FP60,MSF,MSA,BSF,BSA,SF%,S+/-,SF60,SA60,SF,SA,GF60,GA60,GF%,OSh%,OFenSh%,OSv%,OCOn%,OFOn%,FO%,FO_W,FO_L,ZSO,ZSN,ZSD,HIT,HIT-,PN,PN-,PenD,TOI,PPSuccess,PPSuccess,PKSuccess,PKSuccess,PPSuccess
1,MTL,20152016,18,103.8,63,38,25,51.5,110.1,73.7,11.1,92.8,50.1,46.4,50.5,4,194,190,10.7,10.5,21.2,48.7,-26,477,503,26.4,27.8,54.2,51.5,60,1026,966,56.7,53.4,110.1,51.5,44,42.7,40.2,772,728,82.9,203,203,254,238,52,44,31.4,29,569,525,3.5,2.1,62.4,11.1,8.2,92.8,55.5,73.7,50.1,588,585,360,397,416,361,528,71,78,7,1085.6,20.51282051282051,20.51282051282051,90.14084507042253,90.14084507042253,80.76923076923077
