,Team,Season,Gm,PDO,GF,GA,G+/-,CF%,CP60,OFOn%,OSh%,OSv%,FO%,ZSO%,HSCF%,HSC+/-,HSCF,HSCA,HSCF60,HSCA60,HSCP60,SCF%,SC+/-,SCF,SCA,SCF60,SCA60,SCP60,CF%,C+/-,CF,CA,CF60,CA60,CP60,FF%,F+/-,FF60,FA60,FF,FA,FP60,MSF,MSA,BSF,BSA,SF%,S+/-,SF60,SA60,SF,SA,GF60,GA60,GF%,OSh%,OFenSh%,OSv%,OCOn%,OFOn%,FO%,FO_W,FO_L,ZSO,ZSN,ZSD,HIT,HIT-,PN,PN-,PenD,TOI,PPSuccess,PPSuccess,PKSuccess,PKSuccess,PPSuccess
1,PHI,20152016,29,98.3,60,78,-18,50.6,113.4,72.1,6.7,91.6,49.5,48.9,50.1,2,363,361,12.3,12.2,24.5,50.6,20,835,815,28.2,27.6,55.8,50.6,39,1696,1657,57.3,56,113.4,50.2,12,41.9,41.4,1238,1226,83.3,346,299,458,431,49,-35,30.2,31.3,892,927,2,2.6,43.5,6.7,4.8,91.6,52.6,72.1,49.5,868,887,579,572,604,890,815,129,124,-5,1774.8,11.29032258064516,11.29032258064516,85.27131782945736,85.27131782945736,48.38709677419355
