,Team,Season,Gm,PDO,GF,GA,G+/-,CF%,CP60,OFOn%,OSh%,OSv%,FO%,ZSO%,HSCF%,HSC+/-,HSCF,HSCA,HSCF60,HSCA60,HSCP60,SCF%,SC+/-,SCF,SCA,SCF60,SCA60,SCP60,CF%,C+/-,CF,CA,CF60,CA60,CP60,FF%,F+/-,FF60,FA60,FF,FA,FP60,MSF,MSA,BSF,BSA,SF%,S+/-,SF60,SA60,SF,SA,GF60,GA60,GF%,OSh%,OFenSh%,OSv%,OCOn%,OFOn%,FO%,FO_W,FO_L,ZSO,ZSN,ZSD,HIT,HIT-,PN,PN-,PenD,TOI,PPSuccess,PPSuccess,PKSuccess,PKSuccess,PPSuccess
1,MIN,20152016,26,101.2,70,64,6,50,108.7,68.2,9.8,91.5,51.8,52.3,48.4,-17,255,272,9.7,10.3,20,51,27,687,660,26.1,25,51.1,50,2,1434,1432,54.4,54.3,108.7,49.8,-8,39.9,40.2,1052,1060,80.1,335,311,382,372,48.9,-32,27.2,28.4,717,749,2.7,2.4,52.2,9.8,6.7,91.5,50,68.2,51.8,844,784,574,531,523,458,503,87,117,30,1581.4,13.675213675213676,13.675213675213676,82.75862068965517,82.75862068965517,59.82905982905983
