,Team,Season,Gm,PDO,GF,GA,G+/-,CF%,CP60,OFOn%,OSh%,OSv%,FO%,ZSO%,HSCF%,HSC+/-,HSCF,HSCA,HSCF60,HSCA60,HSCP60,SCF%,SC+/-,SCF,SCA,SCF60,SCA60,SCP60,CF%,C+/-,CF,CA,CF60,CA60,CP60,FF%,F+/-,FF60,FA60,FF,FA,FP60,MSF,MSA,BSF,BSA,SF%,S+/-,SF60,SA60,SF,SA,GF60,GA60,GF%,OSh%,OFenSh%,OSv%,OCOn%,OFOn%,FO%,FO_W,FO_L,ZSO,ZSN,ZSD,HIT,HIT-,PN,PN-,PenD,TOI,PPSuccess,PPSuccess,PKSuccess,PKSuccess,PPSuccess
1,PHI,20152016,34,99,73,89,-16,50.1,114.6,71.7,7,91.9,49.7,48.3,50.1,1,426,425,12.3,12.3,24.5,50.1,4,982,978,28.3,28.2,56.5,50.1,8,1992,1984,57.4,57.2,114.6,49.6,-24,41.7,42.4,1446,1470,84.1,409,365,546,514,48.4,-68,29.9,31.9,1037,1105,2.1,2.6,45.1,7,5,91.9,52.1,71.7,49.7,1027,1039,677,665,724,1051,917,159,145,-14,2081.5,11.03448275862069,11.03448275862069,86.16352201257861,86.16352201257861,50.3448275862069
