,Team,Season,Gm,PDO,GF,GA,G+/-,CF%,CP60,OFOn%,OSh%,OSv%,FO%,ZSO%,HSCF%,HSC+/-,HSCF,HSCA,HSCF60,HSCA60,HSCP60,SCF%,SC+/-,SCF,SCA,SCF60,SCA60,SCP60,CF%,C+/-,CF,CA,CF60,CA60,CP60,FF%,F+/-,FF60,FA60,FF,FA,FP60,MSF,MSA,BSF,BSA,SF%,S+/-,SF60,SA60,SF,SA,GF60,GA60,GF%,OSh%,OFenSh%,OSv%,OCOn%,OFOn%,FO%,FO_W,FO_L,ZSO,ZSN,ZSD,HIT,HIT-,PN,PN-,PenD,TOI,PPSuccess,PPSuccess,PKSuccess,PKSuccess,PPSuccess
1,TOR,20152016,31,99.2,74,82,-8,51,113.6,67.7,7.8,91.4,51.7,49.5,57.7,113,424,311,13.4,9.8,23.2,52.9,108,977,869,30.8,27.4,58.2,51,72,1836,1764,57.9,55.7,113.6,50.7,41,44.1,42.8,1398,1357,86.9,451,404,438,407,49.8,-6,29.9,30.1,947,953,2.3,2.6,47.4,7.8,5.3,91.4,51.6,67.7,51.7,1042,974,680,642,694,852,818,118,112,-6,1901.5,15.178571428571427,15.178571428571427,82.20338983050847,82.20338983050847,66.07142857142857
