,Team,Season,Gm,PDO,GF,GA,G+/-,CF%,CP60,OFOn%,OSh%,OSv%,FO%,ZSO%,HSCF%,HSC+/-,HSCF,HSCA,HSCF60,HSCA60,HSCP60,SCF%,SC+/-,SCF,SCA,SCF60,SCA60,SCP60,CF%,C+/-,CF,CA,CF60,CA60,CP60,FF%,F+/-,FF60,FA60,FF,FA,FP60,MSF,MSA,BSF,BSA,SF%,S+/-,SF60,SA60,SF,SA,GF60,GA60,GF%,OSh%,OFenSh%,OSv%,OCOn%,OFOn%,FO%,FO_W,FO_L,ZSO,ZSN,ZSD,HIT,HIT-,PN,PN-,PenD,TOI,PPSuccess,PPSuccess,PKSuccess,PKSuccess,PPSuccess
1,NYI,20152016,34,100.9,88,78,10,49.6,109.6,72.6,8.8,92.1,49.5,52.3,50.5,8,399,391,11.5,11.3,22.8,50.1,2,970,968,28,27.9,55.9,49.6,-27,1886,1913,54.4,55.2,109.6,49.8,-12,39.6,39.9,1372,1384,79.5,376,395,514,529,50.2,7,28.7,28.5,996,989,2.5,2.3,53,8.8,6.4,92.1,52.8,72.6,49.5,949,968,677,623,617,1175,998,129,126,-3,2079,14.285714285714285,14.285714285714285,91.47286821705427,91.47286821705427,69.84126984126983
