,Team,Season,Gm,PDO,GF,GA,G+/-,CF%,CP60,OFOn%,OSh%,OSv%,FO%,ZSO%,HSCF%,HSC+/-,HSCF,HSCA,HSCF60,HSCA60,HSCP60,SCF%,SC+/-,SCF,SCA,SCF60,SCA60,SCP60,CF%,C+/-,CF,CA,CF60,CA60,CP60,FF%,F+/-,FF60,FA60,FF,FA,FP60,MSF,MSA,BSF,BSA,SF%,S+/-,SF60,SA60,SF,SA,GF60,GA60,GF%,OSh%,OFenSh%,OSv%,OCOn%,OFOn%,FO%,FO_W,FO_L,ZSO,ZSN,ZSD,HIT,HIT-,PN,PN-,PenD,TOI,PPSuccess,PPSuccess,PKSuccess,PKSuccess,PPSuccess
1,STL,20152016,30,100,76,71,5,50.9,104,74,8.4,91.6,51.3,50,48.9,-13,300,313,9.8,10.3,20.1,49.5,-16,761,777,25,25.5,50.5,50.9,59,1614,1555,53,51,104,51.6,77,40.1,37.5,1221,1144,77.6,317,300,393,411,51.7,60,29.7,27.7,904,844,2.5,2.3,51.7,8.4,6.2,91.6,56,74,51.3,938,892,628,575,627,704,665,134,120,-14,1828.1,13.333333333333334,13.333333333333334,90.29850746268657,90.29850746268657,63.33333333333333
