,Team,Season,Gm,PDO,GF,GA,G+/-,CF%,CP60,OFOn%,OSh%,OSv%,FO%,ZSO%,HSCF%,HSC+/-,HSCF,HSCA,HSCF60,HSCA60,HSCP60,SCF%,SC+/-,SCF,SCA,SCF60,SCA60,SCP60,CF%,C+/-,CF,CA,CF60,CA60,CP60,FF%,F+/-,FF60,FA60,FF,FA,FP60,MSF,MSA,BSF,BSA,SF%,S+/-,SF60,SA60,SF,SA,GF60,GA60,GF%,OSh%,OFenSh%,OSv%,OCOn%,OFOn%,FO%,FO_W,FO_L,ZSO,ZSN,ZSD,HIT,HIT-,PN,PN-,PenD,TOI,PPSuccess,PPSuccess,PKSuccess,PKSuccess,PPSuccess
1,COL,20152016,30,100.1,82,87,-5,45.5,109,73.5,9.7,90.3,48.5,45.6,47.8,-27,291,318,9.7,10.6,20.2,46,-122,703,825,23.4,27.4,50.8,45.5,-295,1492,1787,49.6,59.4,109,47.4,-128,38.2,42.4,1148,1276,80.6,304,375,344,511,48.4,-57,28,29.9,844,901,2.7,2.9,48.5,9.7,7.1,90.3,56.6,73.5,48.5,851,903,530,591,633,704,590,120,132,12,1805.4,12.878787878787879,12.878787878787879,85.83333333333333,85.83333333333333,62.121212121212125
