,Team,Season,Gm,PDO,GF,GA,G+/-,CF%,CP60,OFOn%,OSh%,OSv%,FO%,ZSO%,HSCF%,HSC+/-,HSCF,HSCA,HSCF60,HSCA60,HSCP60,SCF%,SC+/-,SCF,SCA,SCF60,SCA60,SCP60,CF%,C+/-,CF,CA,CF60,CA60,CP60,FF%,F+/-,FF60,FA60,FF,FA,FP60,MSF,MSA,BSF,BSA,SF%,S+/-,SF60,SA60,SF,SA,GF60,GA60,GF%,OSh%,OFenSh%,OSv%,OCOn%,OFOn%,FO%,FO_W,FO_L,ZSO,ZSN,ZSD,HIT,HIT-,PN,PN-,PenD,TOI,PPSuccess,PPSuccess,PKSuccess,PKSuccess,PPSuccess
1,NYI,20152016,30,101.5,82,70,12,49.1,110.1,73.1,9.4,92.1,49.5,51.9,50.1,1,352,351,11.5,11.5,22.9,49.8,-8,861,869,28.1,28.4,56.4,49.1,-60,1657,1717,54.1,56,110.1,49.1,-46,39,40.5,1195,1241,79.5,322,355,462,476,49.6,-13,28.5,28.9,873,886,2.7,2.3,53.9,9.4,6.9,92.1,52.7,73.1,49.5,837,855,593,550,549,1088,919,116,107,-9,1839,15.887850467289718,15.887850467289718,90.51724137931035,90.51724137931035,76.63551401869158
