,Team,Season,Gm,PDO,GF,GA,G+/-,CF%,CP60,OFOn%,OSh%,OSv%,FO%,ZSO%,HSCF%,HSC+/-,HSCF,HSCA,HSCF60,HSCA60,HSCP60,SCF%,SC+/-,SCF,SCA,SCF60,SCA60,SCP60,CF%,C+/-,CF,CA,CF60,CA60,CP60,FF%,F+/-,FF60,FA60,FF,FA,FP60,MSF,MSA,BSF,BSA,SF%,S+/-,SF60,SA60,SF,SA,GF60,GA60,GF%,OSh%,OFenSh%,OSv%,OCOn%,OFOn%,FO%,FO_W,FO_L,ZSO,ZSN,ZSD,HIT,HIT-,PN,PN-,PenD,TOI,PPSuccess,PPSuccess,PKSuccess,PKSuccess,PPSuccess
1,WSH,20152016,31,102.3,94,67,27,51.1,110.4,70,10,92.2,50.1,49.8,52,26,337,311,10.8,9.9,20.7,51.5,53,883,830,28.2,26.5,54.6,51.1,77,1769,1692,56.4,54,110.4,51.8,92,42.7,39.7,1338,1246,82.4,402,384,431,446,52.1,74,29.9,27.5,936,862,3,2.1,58.4,10,7,92.2,52.9,70,50.1,908,906,611,588,615,757,707,107,122,15,1880.8,19.672131147540984,19.672131147540984,86.91588785046729,86.91588785046729,77.04918032786885
